1,Marinated,
2,Beans,
3,Bear,
4,Bisque,
5,Blanched,
6,Brined,
7,Cake,
8,Cashew,
9,Casserole,
10,Cherry,
11,Chili,
12,Chocolate,
13,Cone,
14,Cookies,
15,Cranberry,
16,Fresh,
17,Dried,
18,Duck,
19,Egg,
20,Elderberry,
21,Fennel,
22,Ginger,
23,Gingerbread,
24,Gooseberry,
25,Gratin,
26,Grilled,
27,Hazelnut,
28,Herbs,
29,Herring,
30,Honey,
31,Infused,
32,Infused,
33,Mandarin,
34,Milk,
35,Molten,
36,Orange,
37,Oysters,
38,Pan-Fried,
39,Pancakes,
40,Peach,
41,Prawns,
42,Pressure-Cooked,
43,Pudding,
44,Quail,
45,Rhubarb,
46,Rice,
47,Rum,
48,Simmered,
49,Smoked,
50,Spring,
51,Steamed,
52,Stew,
53,Stir-Fried,
54,Vegetables,
55,Venison,
56,Vinegar,
57,Wafer,
58,Wafer,
59,Wasabi,
60,Watercress,
