1,RKull54,reiko.kull@test.com,$2y$11$vJ0crrGBzsbIF5bhC2Ugbeojem/VBKC9jbGaAHO8nPoJ0xSPOawyG,1511984060.66528,1,Reiko,Kull,France,83 rue de l'Aigle,59110,03.72.31.89.46,3.022654,50.548895,1,1946-11-19,,FR,1503869110
2,HDiblasi53,haydee.diblasi@test.com,$2y$11$YcaZT4hFHvQHvib5/sXf4eOcVa/71y.p/9vtrAd5j6HhPDSyzMT62,1512276628.08626,1,Haydee,Diblasi,France,52 rue Gustave Eiffel,44400,02.29.71.09.72,-1.454265,47.128359,0,1961-05-07,,FR,1503869111
3,SMannix28,suzanne.mannix@test.com,$2y$11$mWyrYWtmwGAFc37xT43iYe7M7XQX2n12nSlKbUo1uqmDIYGy9vgC.,1504908851.1889,1,Suzanne,Mannix,France,7 Rue du Palais,93800,01.24.93.89.65,2.293005,49.008963,1,1989-06-26,,FR,1503869112
4,IRudman19,iola.rudman@test.com,$2y$11$T.Jo7QJ.ONxeuxAXXDr3UOgLWTuzzqxcqsexL4lTDelK.TV.ogwqW,1510715686.46951,1,Iola,Rudman,France,2 rue Victor Hugo,59210,03.52.84.37.79,2.324161,51.102694,1,1966-05-23,,FR,1503869113
5,JDolly97,josue.dolly@test.com,$2y$11$qSMpluihAzy5/vnkMLv6jOszT3jiUSK6uU208gKviAhvuBib0evB6,1509404258.43526,1,Josue,Dolly,France,2 boulevard Albin Durand,73000,04.66.55.55.89,5.980835,45.501396,0,1979-01-03,,FR,1503869114
6,LColvard1,leroy.colvard@test.com,$2y$11$eMtGYDvel2joIpdlH01rs.kx4tEbDhomIWQoVQlW0E5wzzjC7srN6,1507925175.13052,1,Leroy,Colvard,France,16 rue Goya,72000,02.85.49.92.00,0.157767,48.026092,0,1982-06-28,,FR,1503869115
7,BWitkowski28,beverly.witkowski@test.com,$2y$11$nP9rid7GSulwPCpLCpS/EuGIEXFVsPCK0QWOd17.qGwbu7bHl2m4i,1511929693.82288,1,Beverly,Witkowski,France,3 rue Léon Dierx,14100,02.26.80.07.26,0.119443,49.080649,0,1937-03-13,,FR,1503869116
8,RSymes91,refugia.symes@test.com,$2y$11$QSFoJcUZs2du0myeHitfA.BQNwDDue79W0OM2iZLCaSz/z2KnqjAW,1509195508.08343,1,Refugia,Symes,France,40 rue du Président Roosevelt,91600,01.12.64.81.58,2.424162,48.618542,1,1994-06-02,,FR,1503869117
9,DHalligan77,dannette.halligan@test.com,$2y$11$BM2kqmFILqGnOuaMQ3o1zeiv0CkFMm/NH9qBVMCrM.Z3tEnStkTLy,1504239159.06211,1,Dannette,Halligan,France,30 Rue Marie De Médicis,11000,04.30.53.09.79,2.382503,43.191525,1,1993-07-23,,FR,1503869118
10,SZielinski30,stasia.zielinski@test.com,$2y$11$W490lAeZHPfLczPnFVBVhOtHzzW9K7jtW21EFLkhmuDoZJY38XdAy,1512333394.77503,1,Stasia,Zielinski,France,28 Cours Marechal-Joffre,59220,03.93.02.34.34,3.547093,50.246493,1,1951-12-08,,FR,1503869119
11,HBeaudreau82,huey.beaudreau@test.com,$2y$11$ThWWvLs5xFq40qZf2WiKrujjSKJIO2JwTxBlNcrUKPEQfnoEF7/wa,1506284611.30398,1,Huey,Beaudreau,France,68 rue de Groussay,93110,01.86.63.45.54,2.469058,48.841997,1,1972-11-27,,FR,1503869120
12,AHamsher63,agnus.hamsher@test.com,$2y$11$CqN5jyaHO8vNHTm.paKayOBTsQ5hcfjKs1N/o0RID/.qhr5MYLata,1512468837.69373,1,Agnus,Hamsher,France,9 rue Clement Marot,66000,04.57.49.50.61,2.954645,42.758407,1,1932-11-10,,FR,1503869121
13,EBeagle12,ellamae.beagle@test.com,$2y$11$uT3lsYDo5V70ZRtPqC74mO5ZY5wtNgWRF.mneQUxD.IqVKuFx4d9y,1504919449.43209,1,Ellamae,Beagle,France,40 rue Jean Vilar,25000,03.33.87.29.69,5.979788,47.148877,1,1967-08-07,,FR,1503869122
14,CDorgan82,casey.dorgan@test.com,$2y$11$dVyRzYGYRlXctpAYiFh5XeuUOB993KOi3xYQxq9RZbQrZi60aX566,1511826591.85727,1,Casey,Dorgan,France,91 rue du Fossé des Tanneurs,83200,04.40.73.27.90,5.949171,43.167277,1,1946-04-14,,FR,1503869123
15,EMorford93,emerson.morford@test.com,$2y$11$nUKDxStFOt30Bidk6Ihp6OFj1PH0CbIhXmd7upRBo9fB3OPG.Laca,1510846216.3414,1,Emerson,Morford,France,72 rue du Château,97480,02.99.78.75.28,4.547547,45.549135,1,1997-07-27,,FR,1503869124
16,AAdkins30,aurelio.adkins@test.com,$2y$11$.eCwsRKwvYOSktavui7gn.TpvEAWHmuizCQYVPlfVtH2.3g8fiEg.,1506313486.5676,1,Aurelio,Adkins,France,83 quai Saint-Nicolas,59200,03.93.17.70.36,3.177183,50.803058,0,1962-08-08,,FR,1503869125
17,BParker32,britany.parker@test.com,$2y$11$CQnrPfkTKBTrOMncgaQ64uzPT6.PR8HGBW.K.Jie/bsOvxmydfnhy,1506903778.81175,1,Britany,Parker,France,98 rue Nationale,75006,01.31.11.95.54,2.342193,48.89812,1,1950-09-26,,FR,1503869126
18,RBlythe92,rich.blythe@test.com,$2y$11$uo58EJ7QGhU5dVQKyRyNV.W1txULDfd2mo73ZwcZIiPs9okRnE/0C,1507381074.95441,1,Rich,Blythe,France,6 boulevard Amiral Courbet,69600,04.80.22.45.60,4.878273,45.737673,1,1983-06-04,,FR,1503869127
19,LDeas23,lin.deas@test.com,$2y$11$7CvEvtujWaQH6zjdNNAOtuZg5wtcbEUlvUyndxoo0tS3WpFiONNj.,1504185399.96775,1,Lin,Deas,France,13 rue Clement Marot,33600,05.29.41.61.80,-0.667196,44.84037,0,1986-07-10,,FR,1503869128
20,HStefaniak33,hang.stefaniak@test.com,$2y$11$f4Y.L9AxwGw51qFipraNkO7G1joe02Dm/c182YHF643HzHsU2/Dly,1510057869.40924,1,Hang,Stefaniak,France,82 Rue Hubert de Lisle,33310,05.01.15.77.00,-0.603876,44.958583,0,1936-10-26,,FR,1503869129
21,MBuchan94,mayme.buchan@test.com,$2y$11$CkfyuoMvtwhpltYSyugMPeL2l5ZX0QnUTJYQ48ptu3pb8wCKqgn5y,1506534428.1023,1,Mayme,Buchan,France,10 boulevard Albin Durand,73000,04.87.82.72.84,5.882815,45.563212,0,1945-07-10,,FR,1503869130
22,SButcher48,sibyl.butcher@test.com,$2y$11$f4zNqKou3ulc.0SH2W0xf.QoVG9tG2mH5Fl1dqvF84.lGpqvvWjFe,1509909435.3479,1,Sibyl,Butcher,France,42 rue Lenotre,78120,01.54.03.34.80,1.940016,48.612534,1,1945-11-29,,FR,1503869131
23,SDarst26,shaunna.darst@test.com,$2y$11$lSy0OSSAXaPZ4ACTSKvZaeYUWEaqqUffvbcCgyLGJtkUoWAHuk5Ee,1504119703.10056,1,Shaunna,Darst,France,24 boulevard de Prague,94130,01.09.74.61.16,2.479394,48.834248,1,1955-08-13,,FR,1503869132
24,QSeagraves75,quentin.seagraves@test.com,$2y$11$rzS9hRDjfaslqkRuR3Fc5.uF9tbQDrGGjPPZyrCrkbAdIBE2HL4Jy,1504266079.6558,1,Quentin,Seagraves,France,11 rue du Général Ailleret,93260,01.61.42.67.44,2.322846,48.955343,1,1933-06-23,,FR,1503869133
25,LEssex25,lavonne.essex@test.com,$2y$11$K.aRAfhV1olQra18kH4viOFCcJuXKGDuPp3uX6Iz5j..nOatJsIeu,1506383986.59406,1,Lavonne,Essex,France,33 Chemin Du Lavarin Sud,62100,03.99.75.63.57,1.849117,50.8721,0,1986-02-27,,FR,1503869134
26,ISisk50,izetta.sisk@test.com,$2y$11$N0L1fVPyHwvTm8w8qtZno.lB9daEZU2fWStDmsVIVxoQgIOUdeANm,1507519570.28007,1,Izetta,Sisk,France,29 Chemin Challet,87100,05.22.55.81.64,1.244585,45.825978,1,1954-08-10,,FR,1503869135
27,ADouglas91,antonietta.douglas@test.com,$2y$11$DJiYl8XkQsnMjhgpGrttmeRMIMLPSizQI5KOcLJ/ZUvtOM3a9w2Ei,1504099408.79025,1,Antonietta,Douglas,France,62 rue Banaudon,69006,04.42.13.32.80,4.904019,45.836335,1,1988-05-31,,FR,1503869136
28,MEspy92,margene.espy@test.com,$2y$11$nmhkSYkfz71gSO64bhGTi./fZtdYB9Mm..yDurs.fiVJrT2xgOE4m,1509501427.62002,1,Margene,Espy,France,59 rue du Fossé des Tanneurs,74200,04.12.47.43.04,6.605386,46.243614,0,1955-04-28,,FR,1503869137
29,DBoeding82,debora.boeding@test.com,$2y$11$uuoQa8iw5viBzCsdoENf0eD8H/ykGIiRb3J0XmE7pm3wJHqMZeKV2,1504007808.66337,1,Debora,Boeding,France,69 boulevard Albin Durand,95800,01.34.76.40.61,2.057484,49.126594,0,1994-08-13,,FR,1503869138
30,GBeaumont3,glady.beaumont@test.com,$2y$11$tiofy4q2sFvzi0yAFxYOr.1r4AEjooryNeOuoVMETOo8C.b.pijWS,1511041577.16556,1,Glady,Beaumont,France,42 Chemin des Bateliers,73100,04.97.50.46.58,5.886802,45.60454,1,1989-09-20,,FR,1503869139
31,SDuenas16,sean.duenas@test.com,$2y$11$ExkkA.4aaCTnRHH8JjtH8uf/S8Wyk71vrAh5lwxcHIzzM/esKkZt6,1509952461.4095,1,Sean,Duenas,France,64 rue Clement Marot,33600,05.88.37.58.47,-0.604395,44.759968,1,1961-02-12,,FR,1503869140
32,RIbrahim23,rosemary.ibrahim@test.com,$2y$11$RLKtT07lZXwy2DozIq76hOiN8LsGft2XTF3190d2fb649X1R4EBw.,1507822124.86818,1,Rosemary,Ibrahim,France,15 Rue Hubert de Lisle,56100,02.51.20.07.74,-3.351258,47.734053,1,1949-07-20,,FR,1503869141
33,LPrioleau57,ludie.prioleau@test.com,$2y$11$98QEFHBwJOrBwPXBa765T.Ya7n8DE61py1t39KdRWnkoZ6/ftccE6,1510399078.06777,1,Ludie,Prioleau,France,50 rue Gouin de Beauchesne,93400,01.10.69.47.55,2.329499,48.979308,1,1964-02-23,,FR,1503869142
34,YRobare95,youlanda.robare@test.com,$2y$11$0aexOoNDOEGFm8zWd.sV3..ted/gEZP31tX5XlBCYuSw53iVX6uCm,1506927522.38069,1,Youlanda,Robare,France,15 rue Porte d'Orange,33150,05.71.34.75.79,-0.613141,44.924347,0,1936-05-23,,FR,1503869143
35,BSoja16,britteny.soja@test.com,$2y$11$sRI4mRNfzMqIZFTYHE42xe9DI.S/KD9iCwEk12dR4N0h21.ko8jXe,1505866864.56537,1,Britteny,Soja,France,8 Rue de la Pompe,4100,04.13.95.52.46,5.704973,43.896779,1,1978-03-24,,FR,1503869144
36,LDemo91,leora.demo@test.com,$2y$11$IIq6ZsklFmgPZaH5gFVq2uIlqWBqxibGBC646Iphj21tKEoDuXklS,1508225231.95777,1,Leora,Demo,France,29 rue Lenotre,35200,02.68.81.56.45,-1.773478,48.064687,0,1951-09-13,,FR,1503869145
37,WBuford37,wan.buford@test.com,$2y$11$NKhyiljRIOecUshG9NRXDOJ2SjprlUBDaFMCHABIvq7B0GesbNrTS,1504094825.47781,1,Wan,Buford,France,44 Rue Roussy,45000,02.93.70.75.29,1.849777,47.981584,0,1947-12-09,,FR,1503869146
38,FOquendo76,franklyn.oquendo@test.com,$2y$11$J/M7y2HEff0ky3jImOV4TeAF8A9Rg01aTr6pyyBb2tP64JwkC8GLq,1507513088.88354,1,Franklyn,Oquendo,France,24 rue de Raymond Poincaré,93330,01.35.14.18.77,2.484175,48.879604,1,1942-08-20,,FR,1503869147
39,SNoggle27,sacha.noggle@test.com,$2y$11$j5H.itaG8Q2pHv8B4B1K3.RNcvY/9I3XDfQizOQnSl3jwREH9WjeG,1505538562.68224,1,Sacha,Noggle,France,24 rue des Nations Unies,92210,01.58.98.30.37,2.116229,48.885194,1,1975-05-07,,FR,1503869148
40,STenorio53,sherlene.tenorio@test.com,$2y$11$JnPF1rJSk8Q2l2ciXfdxPOMRnrEE.aNtaSn/PSXdCvkyeejK7R/5O,1510046608.26839,1,Sherlene,Tenorio,France,46 Rue de Strasbourg,63000,04.97.41.64.97,3.154248,45.710242,0,1992-02-03,,FR,1503869149
41,MGartner85,michel.gartner@test.com,$2y$11$xlBWcGKunCp95ITdU3nf..OeqeTVJkmzSk8BjLLf6Vs8zY9kLWGva,1508391740.03116,1,Michel,Gartner,France,19 rue Grande Fusterie,91220,01.64.70.44.04,2.257694,48.648125,0,1978-03-21,,FR,1503869150
42,PBriese76,polly.briese@test.com,$2y$11$oDybQcNvK84ixJ9fQLAmAuOeCbo5rWvDzpiNiSe5MEYe/OefCfUxi,1505944135.49994,1,Polly,Briese,France,81 Rue de la Pompe,59700,03.17.72.83.99,3.096624,50.566975,1,1948-07-31,,FR,1503869151
43,KMetzgar49,kiley.metzgar@test.com,$2y$11$vQ9ks/IritkdnwOh.JaOVuWXEHQh8vti9l5tzQ/td1gOxY.Vq/gsy,1510448741.34493,1,Kiley,Metzgar,France,83 rue de Geneve,80000,03.77.51.52.68,2.349829,49.972086,1,1982-06-20,,FR,1503869152
44,TOlaughlin62,tona.olaughlin@test.com,$2y$11$40oG6ziz/OIJEa3uf2QvWOjg1Reh4IS/OVMF5OXz1CPeBqRaS0Gxa,1509975812.75817,1,Tona,Olaughlin,France,76 Cours Marechal-Joffre,95170,01.19.14.72.13,2.322076,48.987177,1,1944-06-07,,FR,1503869153
45,EKass43,earnestine.kass@test.com,$2y$11$cyRenlku4yEfcwgQtTcTYeqALnVrznU04Gft/R8QEvcj6so9RieyG,1511511061.17097,1,Earnestine,Kass,France,2 Rue Frédéric Chopin,44120,02.51.31.50.73,-1.378176,47.173384,1,1947-04-17,,FR,1503869154
46,ASantacruz8,adriene.santacruz@test.com,$2y$11$XN0p/QAtOpNx8CWxv0KkM.F33Y1Jj/5z1q3wAbF1DJUatXJfhFKaC,1506055236.88061,1,Adriene,Santacruz,France,79 boulevard Albin Durand,71100,03.28.61.87.31,4.699699,46.774515,0,1984-01-19,,FR,1503869155
47,LSanluis41,loriann.sanluis@test.com,$2y$11$zTFQRrahAwPuQ8TnUf65/O3HkeSq/jeQLmuQtcmNXSaWtLUjIa1Pi,1509035567.89028,1,Loriann,Sanluis,France,61 avenue Jean Portalis,10000,03.25.43.85.78,4.074269,48.251282,0,1987-08-19,,FR,1503869156
48,RMeraz32,richard.meraz@test.com,$2y$11$yBddQhoURbKMNqJ3593hLO7lx7/aheGllU.W2xSuvVe8xkjXtB7p.,1509782514.19377,1,Richard,Meraz,France,16 rue du Président Roosevelt,67300,03.22.34.21.14,7.720898,48.616004,0,1963-04-15,,FR,1503869157
49,PRoughton50,pricilla.roughton@test.com,$2y$11$7nFZd4BPWZ4SSKcqbNVzdeUGvTybfom04OAMrVDyrxFxJOaQj674.,1504867550.88284,1,Pricilla,Roughton,France,69 boulevard Bryas,60100,03.22.38.24.21,2.512034,49.239966,0,1945-08-13,,FR,1503869158
50,PGrieves100,patti.grieves@test.com,$2y$11$SHCnHufIWz2nPQQN.hXyDeDaqNcFWWI5TKnTMyi6Md8XulS6iAGY6,1511172352.82209,1,Patti,Grieves,France,29 Rue St Ferréol,92360,01.03.47.81.12,2.329102,48.829337,1,1951-03-02,,FR,1503869159
51,RGervasi73,rina.gervasi@test.com,$2y$11$itrEIIOdHifVFrAMvLV3ge.yuyGzVxa6z6wo3s4hceuKGPuM0tJ7G,1504383285.56436,1,Rina,Gervasi,France,50 Rue du Palais,51200,03.07.42.20.44,3.86467,49.058037,0,1998-07-24,,FR,1503869160
52,CHolsinger2,chase.holsinger@test.com,$2y$11$jSUfgoD7rvDh.Y9PpMzOueFKMepJ39KZJBxqoFR2.L32FSjbzmpbi,1507595878.32528,1,Chase,Holsinger,France,17 avenue Ferdinand de Lesseps,33170,05.14.46.00.92,-0.592131,44.724827,0,1940-09-19,,FR,1503869161
53,MDriskill2,maryjane.driskill@test.com,$2y$11$0TPpvtpRBpS.hva2ArwDSujfqFCk6vALe98hxO3r7Tn6p.F8t0eH6,1510870697.78832,1,Maryjane,Driskill,France,60 rue des Coudriers,31600,05.43.92.95.51,1.291667,43.435165,1,1993-03-21,,FR,1503869162
54,HStogner80,hope.stogner@test.com,$2y$11$ssGGjgmiO3MTQuUodaxhTuu2oRfd.1kCbIbRT7sxT3vjopI8kmCOK,1508771431.84125,1,Hope,Stogner,France,24 rue Saint Germain,93220,01.99.88.39.92,2.631141,48.91657,0,1957-12-06,,FR,1503869163
55,HHansard87,hollie.hansard@test.com,$2y$11$IXlkvzn1AazH84f0ocwXGunkTfUh4v8w0uJBANKQekMtKktp4ECIq,1511749817.55803,1,Hollie,Hansard,France,1 Rue du Palais,93800,01.39.41.11.04,2.263456,48.939668,0,1970-08-31,,FR,1503869164
56,MGehlert23,milagro.gehlert@test.com,$2y$11$.ggPkApivSPaQHqhqv42LOUFiaYYIe5/JHf5HrQqRJiYjpdhmteuS,1511035302.41605,1,Milagro,Gehlert,France,5 Rue St Ferréol,69330,04.23.95.65.15,5.065617,45.677489,1,1977-03-29,,FR,1503869165
57,BLockman67,brandon.lockman@test.com,$2y$11$ME/lHuXV0uVgQ5TXwXjBjuPWgszlEVlY2MTPiqRVyayKekc73fGcu,1509197648.60505,1,Brandon,Lockman,France,17 rue Sadi Carnot,93600,01.14.83.17.63,2.459939,48.985244,1,1961-08-13,,FR,1503869166
58,MNeighbors79,man.neighbors@test.com,$2y$11$5NyABCLaLQyY.hfe6rk9B.JLCs11uPwkN/w4c8DJUU3.ZLcPy3fYu,1510388901.29286,1,Man,Neighbors,France,52 rue Cazade,93700,01.90.75.98.93,2.402954,48.851222,0,1943-12-26,,FR,1503869167
59,MGranillo95,mimi.granillo@test.com,$2y$11$4BXvr1W1oAHWrOSbt4UuAeREMK2HzV1G8vHyzKxHs5BqNoD6OK0te,1508329958.66003,1,Mimi,Granillo,France,96 avenue de Provence,56000,02.89.98.00.45,-2.845127,47.69766,1,1946-07-17,,FR,1503869168
60,DToothman14,don.toothman@test.com,$2y$11$6bhiRVzh6LRQkE95Gy1Ej.chOnIr/K1VN/5idv8ktOsRg2/yEK7Ti,1511104531.90806,1,Don,Toothman,France,7 rue Jean Vilar,60000,03.21.60.24.95,2.050065,49.367463,1,1984-06-26,,FR,1503869169
61,KLunde15,karisa.lunde@test.com,$2y$11$aK4Ec1oSWGMSkJE6gKp3ZetU6GMA7j9TnLRA1NxKZjbZ9eXCkA/XW,1511031611.72637,1,Karisa,Lunde,France,16 Quai des Belges,77100,01.88.83.80.39,2.936068,48.988512,1,1933-09-25,,FR,1503869170
62,JDelpozo22,judith.delpozo@test.com,$2y$11$QQiqjWwDq90hG8Z1Plo7WecnRTZPUsqwGlptlXsGTPszfqBwnZXQ.,1506877024.59667,1,Judith,Delpozo,France,48 Avenue Millies Lacroix,97610,02.49.49.29.91,45.186036,-12.686501,1,1997-01-12,,FR,1503869171
63,NSlater44,numbers.slater@test.com,$2y$11$I2D8j6LQkzbJh4pDq3oBvuI59OMPA3OhpVB3MbrhKUx58UxjSIufC,1510563364.05841,1,Numbers,Slater,France,69 rue Porte d'Orange,84300,04.55.99.56.09,5.038959,43.81207,1,1943-01-24,,FR,1503869172
64,MBaum6,marilyn.baum@test.com,$2y$11$B0dp6hMwFhfTc8ZcQZ55P.2Z8IMIixzRg/xJX4WgJl0kV29AKvGfC,1510957591.40772,1,Marilyn,Baum,France,97 rue Descartes,67100,03.26.64.14.73,7.669457,48.503907,1,1990-11-30,,FR,1503869173
65,NSilvers28,nevada.silvers@test.com,$2y$11$CgkJ8mgfEkz6j9Z.l/W5vOj2XaKo6zu09/DaOl8gh3Se.5ckf2j9y,1507228778.4346,1,Nevada,Silvers,France,3 rue de la République,69002,04.28.91.61.84,4.87978,45.80534,0,1958-10-28,,FR,1503869174
66,DTibbits51,davina.tibbits@test.com,$2y$11$R6SXYF9T4UFOAAWY3wA2N.TJ1vWnGoeoZBXuMaqFgfAFmFj/CXhca,1509344917.36322,1,Davina,Tibbits,France,58 rue Charles Corbeau,9000,05.16.68.90.19,1.658824,42.919719,0,1989-12-01,,FR,1503869175
67,DRivera82,dora.rivera@test.com,$2y$11$mIkvjL1faVWdqJrap/myLuOG5p8JQZCacsvnWbOltptQtGm8jglXO,1508041357.92707,1,Dora,Rivera,France,36 rue Cazade,91210,01.65.42.40.09,2.356425,48.603812,1,1990-04-09,,FR,1503869176
68,AFremont31,adell.fremont@test.com,$2y$11$2dlJ6Ka9YIV1KxkKJsfojebK2FPiggNEQCDOyt8A071NP4GixSJZi,1506652430.04391,1,Adell,Fremont,France,48 avenue de Provence,56000,02.01.39.34.14,-2.792198,47.60743,1,1957-10-26,,FR,1503869177
69,FJenny41,francesca.jenny@test.com,$2y$11$pkWcjpV00RjWgIIyCKgbyOEQzSPSl9b4TJRGFZL3P3wOHjzESSSZm,1505391123.90909,1,Francesca,Jenny,France,76 Rue de Strasbourg,63100,04.74.61.90.37,3.00571,45.807093,1,1963-11-18,,FR,1503869178
70,IStarling78,isabel.starling@test.com,$2y$11$OWShRWi/VKNSigYYQkQOU.mJamqiWHF5RUvk.LSXelsmtDtxCstsO,1507206199.49124,1,Isabel,Starling,France,86 rue Lenotre,35200,02.23.31.37.02,-1.756378,48.057015,0,1932-10-19,,FR,1503869179
71,CCrocket17,chia.crocket@test.com,$2y$11$SKYRdnahEEujDpjlh1KLIeI1.RTlMo7ZNkNB/1Ww6.sPSnTHy4iDS,1509676230.56177,1,Chia,Crocket,France,60 rue Jean Vilar,90000,03.30.69.03.26,6.834303,47.726285,0,1971-07-18,,FR,1503869180
72,BChacon45,beryl.chacon@test.com,$2y$11$fDKJm47boxqegUNc8c/.gePMHxbalclxFcyWTImpOSog5O2dA9NTq,1506661552.57305,1,Beryl,Chacon,France,79 rue La Boétie,75016,01.00.05.29.99,2.257887,48.937222,1,1948-06-27,,FR,1503869181
73,AAllgeier61,abel.allgeier@test.com,$2y$11$SSMv..4qvimVLE/Tba31uONbU9rSFOVONGiJnOhu/Yd5zXCPsXOZG,1510862516.39758,1,Abel,Allgeier,France,35 rue du Clair Bocage,85000,02.75.92.40.46,-1.50618,46.642321,1,1933-02-01,,FR,1503869182
74,DBosco78,dagmar.bosco@test.com,$2y$11$QQnFKQqx0G2ltwcf/jxcOuZ7CI064nJ20jxqd1XjEcOuzHWJUHdqS,1506412608.21557,1,Dagmar,Bosco,France,63 Chemin Des Bateliers,49100,02.11.05.61.45,-0.64817,47.382269,0,1967-08-28,,FR,1503869183
75,AStrohm69,alfonso.strohm@test.com,$2y$11$wr0/.SdnI8X9xMr/slcS0uskkvYNLy5XJGwdhPglMhu1ZH55Y2m4.,1511480497.82551,1,Alfonso,Strohm,France,24 Rue Frédéric Chopin,27200,02.97.08.48.84,1.526588,49.067808,0,1980-06-10,,FR,1503869184
76,ALivingston89,alesha.livingston@test.com,$2y$11$TQqwNgkElJnbc9p4GWczIuxs/GjbyGBt5ruGQ41TJ7zrjoUZOixWq,1511494856.46346,1,Alesha,Livingston,France,96 rue de Geneve,80000,03.17.48.46.66,2.259703,49.882007,1,1970-03-10,,FR,1503869185
77,VSheen24,venita.sheen@test.com,$2y$11$s.KMpa71KXjE37P.k7COKe8E3cb.UdZMtX0Q7v94oA3G2ymHbwOSK,1511155964.13477,1,Venita,Sheen,France,5 Place de la Madeleine,75009,01.30.49.48.99,2.414299,48.787546,0,1991-05-15,,FR,1503869186
78,KPitts87,karima.pitts@test.com,$2y$11$4kCjsuho4S0A3qnWcYJfVO4qyxVR54tvfqB198Ar383I4iKFRY2QS,1504340168.75343,1,Karima,Pitts,France,16 rue du Général Ailleret,97139,05.15.38.80.07,1.740249,47.03878,1,1988-09-17,,FR,1503869187
79,THooten20,tristan.hooten@test.com,$2y$11$QrwVsup0RiRNeF8fGXp6XeNn3j.eVm3pVSKjU.Ie7IO4PGOQIYl1W,1511469447.25095,1,Tristan,Hooten,France,33 cours Franklin Roosevelt,13010,04.92.99.39.20,5.389512,43.341028,0,1933-07-06,,FR,1503869188
80,GMcelrath5,gaston.mcelrath@test.com,$2y$11$dQL/JPC8Bjl0UwNENt.6BeZxOYTMV12hRvrRYbPdp/rDbiDkfo306,1512431316.60998,1,Gaston,Mcelrath,France,8 cours Franklin Roosevelt,13010,04.56.17.08.83,5.395313,43.264338,1,1983-02-07,,FR,1503869189
81,PVaughns16,pilar.vaughns@test.com,$2y$11$mZ1PY9muoBd6Z.T1kkIIPerM/XthPQ64sS2zXzE8.OdqsQQXEFZoK,1512445552.81171,1,Pilar,Vaughns,France,77 Avenue De Marlioz,13200,01.81.95.29.02,4.674266,43.636729,0,1969-03-18,,FR,1503869190
82,IGilbert13,isidra.gilbert@test.com,$2y$11$C0qsVG.C/x6akmdy1nBlHu7boJ4Oqisen9YCf5DFzw/l0DtBSMKqi,1507433639.63642,1,Isidra,Gilbert,France,6 quai Saint-Nicolas,37100,02.74.56.04.85,0.74943,47.400043,1,1981-07-12,,FR,1503869191
83,PHerrod96,patrina.herrod@test.com,$2y$11$IHp5/QwO3Nb2Sepg2DESaO9Pli7UTTMKFZV6f99t6eZmx3MEgPU1y,1507842245.01645,1,Patrina,Herrod,France,20 rue des Chaligny,6200,04.24.13.80.96,7.295806,43.617473,1,1938-06-02,,FR,1503869192
84,WSummerfield76,willia.summerfield@test.com,$2y$11$TPuI1yQ5VtyzqCJs4evMEuM1W2Sk9rBw/ktjlEf20Q7lCcx9KC2eq,1507338629.00437,1,Willia,Summerfield,France,57 rue Marguerite,94350,01.20.40.30.66,2.531263,48.817085,1,1939-03-26,,FR,1503869193
85,GEndres96,georgene.endres@test.com,$2y$11$LAFYYqphz/IzvxXNtzfh7OFmYg19zStIIFk5YpSOhHxI4oFWiprBC,1505978444.58628,1,Georgene,Endres,France,8 Rue Bonnet,94400,01.68.43.96.30,2.425502,48.836641,1,1938-01-07,,FR,1503869194
86,VCalfee100,vince.calfee@test.com,$2y$11$HY7zks62Z/7evwTA/mGGsuKILRfCwTWYLI1cAHE1e74zYupJpPUwO,1505104263.88207,1,Vince,Calfee,France,84 rue de Groussay,17300,05.14.92.47.17,-0.984829,45.919854,1,1978-11-11,,FR,1503869195
87,LPucci52,leota.pucci@test.com,$2y$11$StxWTmm2pPlvz3KcoZCCfulIbhzLs4UMgDe6wKlwi19VJji5Otxp.,1506260189.73894,1,Leota,Pucci,France,48 rue Cazade,59240,03.35.35.13.89,2.323689,51.101505,0,1961-10-18,,FR,1503869196
88,LMesa55,lenard.mesa@test.com,$2y$11$1rLmUZLWdrKPToVhGmS49.5Xtv4S/FIZcI6KQexCOkqIBG.1dkw3a,1508793713.82076,1,Lenard,Mesa,France,81 Place Charles de Gaulle,59493,03.52.75.17.84,3.118856,50.541152,1,1985-04-23,,FR,1503869197
89,AFrancis98,arielle.francis@test.com,$2y$11$rdlrV0LTjZCrXiCi6avBSuHJXjfeWKTBukoLr7qkT7Wvk/mfHMoT2,1510995456.18678,1,Arielle,Francis,France,20 rue Clement Marot,93380,01.03.50.65.74,2.274253,49.047596,0,1963-10-29,,FR,1503869198
90,SFritsch60,scot.fritsch@test.com,$2y$11$U9AuXbJUVTfYZF2HNam6xe80/c3AeuEubgf9OjZbY4qLkH2JLP.g2,1506220005.78347,1,Scot,Fritsch,France,4 avenue de l'Amandier,92270,01.19.45.35.87,2.174966,48.905616,0,1954-03-03,,FR,1503869199
91,YVanduyn41,yukiko.vanduyn@test.com,$2y$11$CfP8CM9/VwmPL.tbsuNCAeOxuuHT3Bb43GzL0kQQ/Y4vVEPbnhp3C,1506186101.39215,1,Yukiko,Vanduyn,France,95 Rue du Palais,51200,03.67.36.37.31,3.873189,49.00797,0,1965-12-04,,FR,1503869200
92,TPressnell86,toney.pressnell@test.com,$2y$11$OIiRxXC1xQAlgvCXIsP91.OQDsN.bc.URTla4DcDUUVRzBJNa5nRy,1504650296.02093,1,Toney,Pressnell,France,57 route de Lyon,94200,01.32.57.64.71,2.428369,48.883656,1,1973-07-13,,FR,1503869201
93,PLines84,portia.lines@test.com,$2y$11$5.PBv8BxY6edVVJPZWTifufjg3lha7IDBleZGmnvjiZFyg6GM9hqW,1505326869.54869,1,Portia,Lines,France,81 rue Nationale,75007,01.86.63.81.44,2.252536,48.925526,0,1940-02-15,,FR,1503869202
94,BFillmore94,beulah.fillmore@test.com,$2y$11$ymere4Ag53SBmNnXe1GPSOmVFZBeLP/D38.WJVlMazNMpHD8vteiS,1508008097.21664,1,Beulah,Fillmore,France,37 Chemin des Bateliers,20000,04.74.09.46.44,8.638795,41.95069,0,1942-10-20,,FR,1503869203
95,MMoreau75,marylee.moreau@test.com,$2y$11$tV4fDHQUfzGpfUmr1HP/5eoVjUXRmucSZD1qBZ8FWUYfPyxwI0goC,1505809814.19837,1,Marylee,Moreau,France,81 rue du Président Roosevelt,78500,01.51.16.85.85,2.1472,48.962533,0,1931-12-10,,FR,1503869204
96,CBrower39,chantal.brower@test.com,$2y$11$XwQPpY.CoLosJHVlPHYrte4v5OYErS6mhpgjJls8BbKqbUgRukJx2,1505091857.27401,1,Chantal,Brower,France,31 rue Saint Germain,95140,01.99.56.34.01,2.439517,48.871977,1,1997-12-30,,FR,1503869205
97,BZickefoose43,byron.zickefoose@test.com,$2y$11$0FRBWiahz4Q.7raXg.m4SuNj4u.JlZIN5ko6FujuWACUSWXx/L/Ly,1511438794.25596,1,Byron,Zickefoose,France,46 rue des Nations Unies,42400,04.86.26.00.97,4.584359,45.397656,1,1961-07-06,,FR,1503869206
98,JBridgers46,julianne.bridgers@test.com,$2y$11$cfwq8ahzMe5TZ/dodc3t5eldeM10ZnOxc4So5jap78yRFyJBAkTYK,1511367067.47014,1,Julianne,Bridgers,France,48 Place de la Gare,16100,05.93.48.01.68,-0.264632,45.711587,1,1963-05-14,,FR,1503869207
99,GBenware11,genaro.benware@test.com,$2y$11$bHR38lvZElhBNlupJwxrc.U8E90SGUzsq0dU2vDesNeeh1rxFh4ga,1507348269.20586,1,Genaro,Benware,France,51 rue Reine Elisabeth,33700,05.93.54.29.43,-0.71196,44.835511,1,1964-09-16,,FR,1503869208
100,ASnoddy48,amal.snoddy@test.com,$2y$11$MnoGUN1GKCwbrP/GZu9YCOXS6bZ8NqGu6E5xxF/qdkMxpz91MC.DS,1509553818.56131,1,Amal,Snoddy,France,66 rue Léon Dierx,93190,01.10.85.27.88,2.471786,48.906435,0,1932-05-27,,FR,1503869209
